question_id,topic,question_text,correct_answer,label,solution_explanation,difficulty,render_as
Q_PARTIAL_001,Algebra,Solve for x: x^2 - 5x + 6 = 0,x = 2 or x = 3,correct,Factor as (x-2)(x-3)=0. Solutions are x=2 and x=3.,medium,latex
Q_INCORRECT_001,Algebra,Solve for x: 2x + 5 = 1,x = -2,correct,2x = 1 - 5 => 2x = -4 => x = -2.,easy,latex
Q_ERROR_001,Geometry,What is the area of a square with side 5 cm? Include units in your answer.,25 cm^2,correct,Area = side^2 = $5^2 = 25$. Units are cm$^2$.,medium,markdown
Q_FRACTION_001,Algebra,Solve for x: 3x + 4 = 9,x = 5/3,correct,3x = 9 - 4 => 3x = 5. Divide by 3: x = $5/3$.,medium,latex
Q005,Geometry,Find the area of a triangle with a base of 15 mm and a height of 22 mm.,165 mm^2,correct,"The area of a triangle is $A = \frac{1}{2}bh$. So, Area = $\frac{1}{2} \times 15 \times 22 = 165 mm^2$.",hard,markdown
Q006,Algebra,Solve for x: 11x + 0 = 48,x = 48/11,correct,"Given: 11x + 0 = 48. Subtract 0 from both sides: 11x = 48. So, x = $48/11$. Simplified, x = $48/11$.",hard,latex
Q007,Geometry,What is the area of a circle with radius 13 m? (Use 'pi' in your answer),169pi m^2,correct,"The area of a circle is $A = \pi r^2$. So, Area = $\pi \times 13^2 = 169\pi$ m$^2$.",hard,markdown
Q008,Word Problems,"Sarah bought 6 pens at $8 each, and 3 folders at $9 each. How much did Sarah spend in total?",$75,correct,Cost of pens: 6 * $8 = $48. Cost of folders: 3 * $9 = $27. Total = $48 + $27 = $75.,hard,markdown
Q009,Arithmetic,What is 50% of 280?,140,correct,50% of 280 is $(50/100) \times 280 = 140$.,hard,markdown
Q010,Geometry,What is the area of a circle with radius 14 cm? (Use 'pi' in your answer),196pi cm^2,correct,"The area of a circle is $A = \pi r^2$. So, Area = $\pi \times 14^2 = 196\pi$ cm$^2$.",hard,markdown
Q011,Algebra,Solve for x: 9x + -13 = 16,x = 29/9,correct,"Given: 9x + -13 = 16. Subtract -13 from both sides: 9x = 29. So, x = $29/9$. Simplified, x = $29/9$.",hard,latex
Q012,Arithmetic,Calculate: $(6 \times 4) + (20 \div 2)$,34,correct,"First, $(6 \times 4) = 24$. Next, $(20 \div 2) = 10$. Finally, $24 + 10 = 34$.",hard,latex
Q013,Algebra,Solve for x: 11x + 25 = -20,x = -45/11,correct,"Given: 11x + 25 = -20. Subtract 25 from both sides: 11x = -45. So, x = $-45/11$. Simplified, x = $-45/11$.",hard,latex
Q014,Algebra,Solve for x: 12x + -19 = -32,x = -13/12,correct,"Given: 12x + -19 = -32. Subtract -19 from both sides: 12x = -13. So, x = $-13/12$. Simplified, x = $-13/12$.",hard,latex
Q015,Arithmetic,What is $31 \div 9$? Express as a simplified fraction.,31/9,correct,$31 / 9$ simplifies to the fraction $31/9$.,hard,latex
Q016,Algebra,Solve for x: 14x + 21 = -2,x = -23/14,correct,"Given: 14x + 21 = -2. Subtract 21 from both sides: 14x = -23. So, x = $-23/14$. Simplified, x = $-23/14$.",hard,latex
Q017,Word Problems,"Emily bought 7 pens at $5 each, and 4 folders at $6 each. How much did Emily spend in total?",$59,correct,Cost of pens: 7 * $5 = $35. Cost of folders: 4 * $6 = $24. Total = $35 + $24 = $59.,hard,markdown
Q018,Algebra,Solve for x: 5x + -8 = -40,x = -32/5,correct,"Given: 5x + -8 = -40. Subtract -8 from both sides: 5x = -32. So, x = $-32/5$. Simplified, x = $-32/5$.",hard,latex
Q019,Geometry,A square has a side length of 24 cm. What is its area?,576 cm^2,correct,"The area of a square is given by the formula $A = s^2$. So, Area = $24^2 = 576$ cm$^2$.",hard,markdown
Q020,Arithmetic,What is $58 \div 17$? Express as a simplified fraction.,58/17,correct,$58 / 17$ simplifies to the fraction $58/17$.,hard,latex
Q021,Geometry,Find the area of a triangle with a base of 20 feet and a height of 21 feet.,210 feet^2,correct,"The area of a triangle is $A = \frac{1}{2}bh$. So, Area = $\frac{1}{2} \times 20 \times 21 = 210 feet^2$.",hard,markdown
Q022,Algebra,Solve for x: 1x + -11 = 11,x = 22,correct,Given: 1x + -11 = 11. Subtract -11 from both sides: 1x = 22. Then divide by 1: x = 22.,hard,latex
Q023,Word Problems,"John bought 6 notebooks at $8 each, and 5 erasers at $11 each. How much did John spend in total?",$103,correct,Cost of notebooks: 6 * $8 = $48. Cost of erasers: 5 * $11 = $55. Total = $48 + $55 = $103.,hard,markdown
Q024,Algebra,Solve for x: 13x + 6 = -13,x = -19/13,correct,"Given: 13x + 6 = -13. Subtract 6 from both sides: 13x = -19. So, x = $-19/13$. Simplified, x = $-19/13$.",hard,latex
Q025,Word Problems,"Sarah bought 7 pens at $8 each, and 3 erasers at $11 each. How much did Sarah spend in total?",$89,correct,Cost of pens: 7 * $8 = $56. Cost of erasers: 3 * $11 = $33. Total = $56 + $33 = $89.,hard,markdown
Q026,Geometry,A rectangle has a length of 25 units and a width of 17 units. Calculate its perimeter.,84 units,correct,"The perimeter of a rectangle is $P = 2(l + w)$. So, Perimeter = $2 \times (25 + 17) = 84$ units.",hard,markdown
Q027,Word Problems,"Lisa bought 3 notebooks at $7 each, and 4 folders at $10 each. How much did Lisa spend in total?",$61,correct,Cost of notebooks: 3 * $7 = $21. Cost of folders: 4 * $10 = $40. Total = $21 + $40 = $61.,hard,markdown
Q028,Algebra,Solve for x: 5x + 18 = 50,x = 32/5,correct,"Given: 5x + 18 = 50. Subtract 18 from both sides: 5x = 32. So, x = $32/5$. Simplified, x = $32/5$.",hard,latex
Q029,Algebra,Solve for x: 13x + 5 = 47,x = 42/13,correct,"Given: 13x + 5 = 47. Subtract 5 from both sides: 13x = 42. So, x = $42/13$. Simplified, x = $42/13$.",hard,latex
Q030,Algebra,Solve for x: 2x + 23 = -13,x = -18,correct,Given: 2x + 23 = -13. Subtract 23 from both sides: 2x = -36. Then divide by 2: x = -18.,hard,latex
Q031,Algebra,Solve for x: 2x + 12 = -40,x = -26,correct,Given: 2x + 12 = -40. Subtract 12 from both sides: 2x = -52. Then divide by 2: x = -26.,hard,latex
Q032,Algebra,Solve for x: 15x + 16 = -14,x = -2,correct,Given: 15x + 16 = -14. Subtract 16 from both sides: 15x = -30. Then divide by 15: x = -2.,hard,latex
Q033,Algebra,Solve for x: 9x + 25 = 41,x = 16/9,correct,"Given: 9x + 25 = 41. Subtract 25 from both sides: 9x = 16. So, x = $16/9$. Simplified, x = $16/9$.",hard,latex
Q034,Algebra,Solve for x: 13x + -11 = -49,x = -38/13,correct,"Given: 13x + -11 = -49. Subtract -11 from both sides: 13x = -38. So, x = $-38/13$. Simplified, x = $-38/13$.",hard,latex
Q035,Algebra,Solve for x: 13x + -18 = -24,x = -6/13,correct,"Given: 13x + -18 = -24. Subtract -18 from both sides: 13x = -6. So, x = $-6/13$. Simplified, x = $-6/13$.",hard,latex
Q036,Arithmetic,Calculate: $(15 \times 4) + (14 \div 2)$,67,correct,"First, $(15 \times 4) = 60$. Next, $(14 \div 2) = 7$. Finally, $60 + 7 = 67$.",hard,latex
Q037,Geometry,A rectangle has a length of 24 cm and a width of 7 cm. Calculate its area.,168 cm^2,correct,"The area of a rectangle is $A = l \times w$. So, Area = $24 \times 7 = 168$ cm$^2$.",hard,markdown
Q038,Algebra,Solve for x: 5x + 14 = -4,x = -18/5,correct,"Given: 5x + 14 = -4. Subtract 14 from both sides: 5x = -18. So, x = $-18/5$. Simplified, x = $-18/5$.",hard,latex
Q039,Arithmetic,Calculate: $(6 \times 7) + (24 \div 4)$,48,correct,"First, $(6 \times 7) = 42$. Next, $(24 \div 4) = 6$. Finally, $42 + 6 = 48$.",hard,latex
Q040,Geometry,Calculate the circumference of a circle with radius 15 units. (Use 'pi' in your answer),30pi units,correct,"The circumference of a circle is $C = 2 \pi r$. So, Circumference = $2 \times \pi \times 15 = 30\pi$ units.",hard,markdown
Q041,Word Problems,Tom baked 30 marbles. They gave 6 marbles to friend and then baked 9 more. How many marbles does Tom have now?,33,correct,Step 1: 30 - 6 = 24. Step 2: 24 + 9 = 33 marbles.,hard,markdown
Q042,Algebra,Solve for x: 12x + -2 = 45,x = 47/12,correct,"Given: 12x + -2 = 45. Subtract -2 from both sides: 12x = 47. So, x = $47/12$. Simplified, x = $47/12$.",hard,latex
Q043,Word Problems,Emily baked 26 marbles. They gave 13 marbles to sister and then baked 4 more. How many marbles does Emily have now?,17,correct,Step 1: 26 - 13 = 13. Step 2: 13 + 4 = 17 marbles.,hard,markdown
Q044,Geometry,Find the area of a triangle with a base of 28 inches and a height of 14 inches.,196 inches^2,correct,"The area of a triangle is $A = \frac{1}{2}bh$. So, Area = $\frac{1}{2} \times 28 \times 14 = 196 inches^2$.",hard,markdown
Q045,Algebra,Solve for x: x^2 + 2x - 35 = 0,x = -7 or x = 5,correct,"The equation is $x^2 - (-2)x + (-35) = 0$. Factor it as $(x - -7)(x - 5) = 0$. So, the solutions are $x = -7$ or $x = 5$.",hard,latex
Q046,Algebra,Solve for x: 15x + -10 = -17,x = -7/15,correct,"Given: 15x + -10 = -17. Subtract -10 from both sides: 15x = -7. So, x = $-7/15$. Simplified, x = $-7/15$.",hard,latex
Q047,Algebra,Solve for x: x^2 + 12x + 32 = 0,x = -8 or x = -4,correct,"The equation is $x^2 - (-12)x + (32) = 0$. Factor it as $(x - -4)(x - -8) = 0$. So, the solutions are $x = -4$ or $x = -8$.",hard,latex
Q048,Word Problems,"Lisa bought 5 pens at $2 each, and 3 erasers at $4 each. How much did Lisa spend in total?",$22,correct,Cost of pens: 5 * $2 = $10. Cost of erasers: 3 * $4 = $12. Total = $10 + $12 = $22.,hard,markdown
Q049,Arithmetic,Calculate: $(6 \times 4) + (15 \div 3)$,29,correct,"First, $(6 \times 4) = 24$. Next, $(15 \div 3) = 5$. Finally, $24 + 5 = 29$.",hard,latex
Q050,Algebra,Solve for x: 12x + 12 = 23,x = 11/12,correct,"Given: 12x + 12 = 23. Subtract 12 from both sides: 12x = 11. So, x = $11/12$. Simplified, x = $11/12$.",hard,latex
Q051,Algebra,Solve for x: 5x + -5 = 36,x = 41/5,correct,"Given: 5x + -5 = 36. Subtract -5 from both sides: 5x = 41. So, x = $41/5$. Simplified, x = $41/5$.",hard,latex
Q052,Arithmetic,Calculate: $(5 \times 6) + (33 \div 3)$,41,correct,"First, $(5 \times 6) = 30$. Next, $(33 \div 3) = 11$. Finally, $30 + 11 = 41$.",hard,latex
Q053,Algebra,Solve for x: 8x + 7 = -14,x = -21/8,correct,"Given: 8x + 7 = -14. Subtract 7 from both sides: 8x = -21. So, x = $-21/8$. Simplified, x = $-21/8$.",hard,latex
Q054,Algebra,Solve for x: x^2 - 64 = 0,x = -8 or x = 8,correct,"The equation is $x^2 - (0)x + (-64) = 0$. Factor it as $(x - 8)(x - -8) = 0$. So, the solutions are $x = 8$ or $x = -8$.",hard,latex
Q055,Geometry,A square has a side length of 18 mm. What is its area?,324 mm^2,correct,"The area of a square is given by the formula $A = s^2$. So, Area = $18^2 = 324$ mm$^2$.",medium,markdown
Q056,Word Problems,"Tom bought 6 notebooks at $5 each, and 2 folders at $8 each. How much did Tom spend in total?",$46,correct,Cost of notebooks: 6 * $5 = $30. Cost of folders: 2 * $8 = $16. Total = $30 + $16 = $46.,hard,markdown
Q057,Word Problems,"Mike bought 6 pens at $4 each, and 2 erasers at $5 each. How much did Mike spend in total?",$34,correct,Cost of pens: 6 * $4 = $24. Cost of erasers: 2 * $5 = $10. Total = $24 + $10 = $34.,hard,markdown
Q058,Arithmetic,What is $28 \div 15$? Express as a simplified fraction.,28/15,correct,$28 / 15$ simplifies to the fraction $28/15$.,hard,latex
Q059,Algebra,Solve for x: x^2 - 49 = 0,x = -7 or x = 7,correct,"The equation is $x^2 - (0)x + (-49) = 0$. Factor it as $(x - -7)(x - 7) = 0$. So, the solutions are $x = -7$ or $x = 7$.",hard,latex
Q060,Algebra,Solve for x: x^2 + 1x - 30 = 0,x = -6 or x = 5,correct,"The equation is $x^2 - (-1)x + (-30) = 0$. Factor it as $(x - -6)(x - 5) = 0$. So, the solutions are $x = -6$ or $x = 5$.",hard,latex
Q061,Algebra,Solve for x: 7x + -17 = -42,x = -25/7,correct,"Given: 7x + -17 = -42. Subtract -17 from both sides: 7x = -25. So, x = $-25/7$. Simplified, x = $-25/7$.",hard,latex
Q062,Algebra,Solve for x: 1x + 10 = -47,x = -57,correct,Given: 1x + 10 = -47. Subtract 10 from both sides: 1x = -57. Then divide by 1: x = -57.,hard,latex
Q063,Algebra,Solve for x: 2x + 3 = -30,x = -33/2,correct,"Given: 2x + 3 = -30. Subtract 3 from both sides: 2x = -33. So, x = $-33/2$. Simplified, x = $-33/2$.",hard,latex
Q064,Algebra,Solve for x: x^2 - 13x + 40 = 0,x = 5 or x = 8,correct,"The equation is $x^2 - (13)x + (40) = 0$. Factor it as $(x - 8)(x - 5) = 0$. So, the solutions are $x = 8$ or $x = 5$.",hard,latex
Q065,Algebra,Solve for x: x^2 + 11x + 28 = 0,x = -7 or x = -4,correct,"The equation is $x^2 - (-11)x + (28) = 0$. Factor it as $(x - -7)(x - -4) = 0$. So, the solutions are $x = -7$ or $x = -4$.",hard,latex
Q066,Algebra,Solve for x: x^2 + 3x - 40 = 0,x = -8 or x = 5,correct,"The equation is $x^2 - (-3)x + (-40) = 0$. Factor it as $(x - 5)(x - -8) = 0$. So, the solutions are $x = 5$ or $x = -8$.",hard,latex
Q067,Algebra,Solve for x: 1x + -20 = 18,x = 38,correct,Given: 1x + -20 = 18. Subtract -20 from both sides: 1x = 38. Then divide by 1: x = 38.,hard,latex
Q068,Algebra,Solve for x: x^2 - 64 = 0,x = -8 or x = 8,correct,"The equation is $x^2 - (0)x + (-64) = 0$. Factor it as $(x - -8)(x - 8) = 0$. So, the solutions are $x = -8$ or $x = 8$.",hard,latex
Q069,Algebra,Solve for x: 8x + -18 = 37,x = 55/8,correct,"Given: 8x + -18 = 37. Subtract -18 from both sides: 8x = 55. So, x = $55/8$. Simplified, x = $55/8$.",hard,latex
Q070,Word Problems,Emily baked 29 cookies. They gave 15 cookies to teacher and then baked 10 more. How many cookies does Emily have now?,24,correct,Step 1: 29 - 15 = 14. Step 2: 14 + 10 = 24 cookies.,hard,markdown
Q071,Word Problems,"John bought 6 pens at $5 each, and 2 erasers at $8 each. How much did John spend in total?",$46,correct,Cost of pens: 6 * $5 = $30. Cost of erasers: 2 * $8 = $16. Total = $30 + $16 = $46.,hard,markdown
Q072,Algebra,Solve for x: 13x + 5 = 26,x = 21/13,correct,"Given: 13x + 5 = 26. Subtract 5 from both sides: 13x = 21. So, x = $21/13$. Simplified, x = $21/13$.",hard,latex
Q073,Geometry,A square has a side length of 22 m. What is its area?,484 m^2,correct,"The area of a square is given by the formula $A = s^2$. So, Area = $22^2 = 484$ m$^2$.",hard,markdown
Q074,Algebra,Solve for x: 6x + -9 = -41,x = -16/3,correct,"Given: 6x + -9 = -41. Subtract -9 from both sides: 6x = -32. So, x = $-32/6$. Simplified, x = $-16/3$.",hard,latex
Q075,Word Problems,"Lisa bought 6 notebooks at $7 each, and 3 folders at $10 each. How much did Lisa spend in total?",$72,correct,Cost of notebooks: 6 * $7 = $42. Cost of folders: 3 * $10 = $30. Total = $42 + $30 = $72.,hard,markdown
Q076,Word Problems,"Sarah bought 7 notebooks at $7 each, and 3 folders at $10 each. How much did Sarah spend in total?",$79,correct,Cost of notebooks: 7 * $7 = $49. Cost of folders: 3 * $10 = $30. Total = $49 + $30 = $79.,hard,markdown
Q077,Word Problems,Tom baked 27 books. They gave 15 books to friend and then baked 8 more. How many books does Tom have now?,20,correct,Step 1: 27 - 15 = 12. Step 2: 12 + 8 = 20 books.,hard,markdown
Q078,Algebra,Solve for x: 8x + 3 = -40,x = -43/8,correct,"Given: 8x + 3 = -40. Subtract 3 from both sides: 8x = -43. So, x = $-43/8$. Simplified, x = $-43/8$.",hard,latex
Q079,Word Problems,Lisa baked 28 pencils. They gave 15 pencils to friend and then baked 6 more. How many pencils does Lisa have now?,19,correct,Step 1: 28 - 15 = 13. Step 2: 13 + 6 = 19 pencils.,hard,markdown
Q080,Arithmetic,What is 50% of 273?,136,correct,50% of 273 is $(50/100) \times 273 = 136$.,hard,markdown
Q081,Word Problems,There are 10 boxes. Each box contains 7 cookies. How many cookies are there in total?,70,correct,"To find the total, multiply: 10 * 7 = 70 cookies.",medium,markdown
Q082,Geometry,What is the volume of a cube with an edge length of 10 units?,1000 units^3,correct,"The volume of a cube is $V = s^3$. So, Volume = $10^3 = 1000$ units$^3$.",medium,markdown
Q083,Geometry,Find the area of a triangle with a base of 23 mm and a height of 11 mm.,126.5 mm^2,correct,"The area of a triangle is $A = \frac{1}{2}bh$. So, Area = $\frac{1}{2} \times 23 \times 11 = 126.5 mm^2$.",medium,markdown
Q084,Arithmetic,What is 50% of 189?,94.5,correct,50% of 189 is $(50/100) \times 189 = 94.5$.,medium,markdown
Q085,Algebra,Solve for x: x^2 + 2x - 8 = 0,x = -4 or x = 2,correct,"The equation is $x^2 - (-2)x + (-8) = 0$. Factor it as $(x - -4)(x - 2) = 0$. So, the solutions are $x = -4$ or $x = 2$.",easy,latex
Q086,Arithmetic,What is 75% of 221?,165,correct,75% of 221 is $(75/100) \times 221 = 165$.,medium,markdown
Q087,Word Problems,John baked 15 bananas. They gave 10 bananas to teacher and then baked 7 more. How many bananas does John have now?,12,correct,Step 1: 15 - 10 = 5. Step 2: 5 + 7 = 12 bananas.,medium,markdown
Q088,Algebra,Solve for x: 10x + 6 = -4,x = -1,correct,Given: 10x + 6 = -4. Subtract 6 from both sides: 10x = -10. Then divide by 10: x = -1.,medium,latex
Q089,Algebra,Solve for x: 2x + 5 = -13,x = -9,correct,Given: 2x + 5 = -13. Subtract 5 from both sides: 2x = -18. Then divide by 2: x = -9.,medium,latex
Q090,Word Problems,There are 7 boxes. Each box contains 10 books. How many books are there in total?,70,correct,"To find the total, multiply: 7 * 10 = 70 books.",medium,markdown
Q091,Algebra,Solve for x: x^2 - 6x - 16 = 0,x = -2 or x = 8,correct,"The equation is $x^2 - (6)x + (-16) = 0$. Factor it as $(x - 8)(x - -2) = 0$. So, the solutions are $x = 8$ or $x = -2$.",medium,latex
Q092,Algebra,Solve for x: 8x + -10 = -32,x = -11/4,correct,"Given: 8x + -10 = -32. Subtract -10 from both sides: 8x = -22. So, x = $-22/8$. Simplified, x = $-11/4$.",medium,latex
Q093,Algebra,Solve for x: 7x + -20 = -6,x = 2,correct,Given: 7x + -20 = -6. Subtract -20 from both sides: 7x = 14. Then divide by 7: x = 2.,medium,latex
Q094,Algebra,Solve for x: x^2 + 4x - 12 = 0,x = -6 or x = 2,correct,"The equation is $x^2 - (-4)x + (-12) = 0$. Factor it as $(x - -6)(x - 2) = 0$. So, the solutions are $x = -6$ or $x = 2$.",medium,latex
Q095,Algebra,Solve for x: x^2 - 3x - 18 = 0,x = -3 or x = 6,correct,"The equation is $x^2 - (3)x + (-18) = 0$. Factor it as $(x - 6)(x - -3) = 0$. So, the solutions are $x = 6$ or $x = -3$.",medium,latex
Q096,Algebra,Solve for x: 1x + -8 = 1,x = 9,correct,Given: 1x + -8 = 1. Subtract -8 from both sides: 1x = 9. Then divide by 1: x = 9.,medium,latex
Q097,Word Problems,Lisa baked 18 marbles. They gave 13 marbles to friend and then baked 3 more. How many marbles does Lisa have now?,8,correct,Step 1: 18 - 13 = 5. Step 2: 5 + 3 = 8 marbles.,medium,markdown
Q098,Arithmetic,What is 13 * 18?,234,correct,13 * 18 = 234.,medium,markdown
Q099,Word Problems,There are 10 boxes. Each box contains 15 apples. How many apples are there in total?,150,correct,"To find the total, multiply: 10 * 15 = 150 apples.",medium,markdown
Q100,Algebra,Solve for x: 1x + -5 = 5,x = 10,correct,Given: 1x + -5 = 5. Subtract -5 from both sides: 1x = 10. Then divide by 1: x = 10.,medium,latex
Q101,Word Problems,Lisa baked 21 cookies. They gave 7 cookies to sister and then baked 7 more. How many cookies does Lisa have now?,21,correct,Step 1: 21 - 7 = 14. Step 2: 14 + 7 = 21 cookies.,medium,markdown
Q102,Algebra,Solve for x: 15x + -21 = -24,x = -1/5,correct,"Given: 15x + -21 = -24. Subtract -21 from both sides: 15x = -3. So, x = $-3/15$. Simplified, x = $-1/5$.",medium,latex
Q103,Algebra,Solve for x: x^2 - 6x - 16 = 0,x = -2 or x = 8,correct,"The equation is $x^2 - (6)x + (-16) = 0$. Factor it as $(x - -2)(x - 8) = 0$. So, the solutions are $x = -2$ or $x = 8$.",medium,latex
Q104,Word Problems,There are 9 boxes. Each box contains 17 pencils. How many pencils are there in total?,153,correct,"To find the total, multiply: 9 * 17 = 153 pencils.",medium,markdown
Q105,Word Problems,John baked 12 cookies. They gave 8 cookies to sister and then baked 10 more. How many cookies does John have now?,14,correct,Step 1: 12 - 8 = 4. Step 2: 4 + 10 = 14 cookies.,medium,markdown
Q106,Algebra,Solve for x: 5x + -16 = 49,x = 13,correct,Given: 5x + -16 = 49. Subtract -16 from both sides: 5x = 65. Then divide by 5: x = 13.,medium,latex
Q107,Algebra,Solve for x: x^2 - 8x + 15 = 0,x = 3 or x = 5,correct,"The equation is $x^2 - (8)x + (15) = 0$. Factor it as $(x - 3)(x - 5) = 0$. So, the solutions are $x = 3$ or $x = 5$.",medium,latex
Q108,Algebra,Solve for x: x^2 - 7x - 8 = 0,x = -1 or x = 8,correct,"The equation is $x^2 - (7)x + (-8) = 0$. Factor it as $(x - 8)(x - -1) = 0$. So, the solutions are $x = 8$ or $x = -1$.",medium,latex
Q109,Word Problems,There are 5 boxes. Each box contains 19 marbles. How many marbles are there in total?,95,correct,"To find the total, multiply: 5 * 19 = 95 marbles.",medium,markdown
Q110,Geometry,What is the volume of a cube with an edge length of 9 feet?,729 feet^3,correct,"The volume of a cube is $V = s^3$. So, Volume = $9^3 = 729$ feet$^3$.",medium,markdown
Q111,Arithmetic,Calculate: 17 + 8 * 7,175,correct,Calculating step-by-step: 17 + 8 = 25. Then 25 * 7 = 175.,medium,markdown
Q112,Algebra,Solve for x: x^2 - 10x + 16 = 0,x = 2 or x = 8,correct,"The equation is $x^2 - (10)x + (16) = 0$. Factor it as $(x - 2)(x - 8) = 0$. So, the solutions are $x = 2$ or $x = 8$.",medium,latex
Q113,Word Problems,Mike baked 18 apples. They gave 13 apples to brother and then baked 6 more. How many apples does Mike have now?,11,correct,Step 1: 18 - 13 = 5. Step 2: 5 + 6 = 11 apples.,medium,markdown
Q114,Word Problems,Tom baked 17 marbles. They gave 14 marbles to brother and then baked 4 more. How many marbles does Tom have now?,7,correct,Step 1: 17 - 14 = 3. Step 2: 3 + 4 = 7 marbles.,medium,markdown
Q115,Arithmetic,What is 24 / 12?,2,correct,24 / 12 = 2.,easy,markdown
Q116,Geometry,What is the area of a circle with radius 8 mm? (Use 'pi' in your answer),64pi mm^2,correct,"The area of a circle is $A = \pi r^2$. So, Area = $\pi \times 8^2 = 64\pi$ mm$^2$.",medium,markdown
Q117,Geometry,A square has a side length of 22 units. What is its perimeter?,88 units,correct,"The perimeter of a square is $P = 4s$. So, Perimeter = $4 \times 22 = 88$ units.",medium,markdown
Q118,Algebra,Solve for x: 7x + 17 = 13,x = -4/7,correct,"Given: 7x + 17 = 13. Subtract 17 from both sides: 7x = -4. So, x = $-4/7$. Simplified, x = $-4/7$.",medium,latex
Q119,Algebra,Solve for x: x^2 - 16 = 0,x = -4 or x = 4,correct,"The equation is $x^2 - (0)x + (-16) = 0$. Factor it as $(x - 4)(x - -4) = 0$. So, the solutions are $x = 4$ or $x = -4$.",medium,latex
Q120,Geometry,Find the area of a triangle with a base of 20 cm and a height of 12 cm.,120 cm^2,correct,"The area of a triangle is $A = \frac{1}{2}bh$. So, Area = $\frac{1}{2} \times 20 \times 12 = 120 cm^2$.",medium,markdown
Q121,Algebra,Solve for x: x^2 + 8x + 15 = 0,x = -5 or x = -3,correct,"The equation is $x^2 - (-8)x + (15) = 0$. Factor it as $(x - -5)(x - -3) = 0$. So, the solutions are $x = -5$ or $x = -3$.",medium,latex
Q122,Geometry,Calculate the circumference of a circle with radius 11 inches. (Use 'pi' in your answer),22pi inches,correct,"The circumference of a circle is $C = 2 \pi r$. So, Circumference = $2 \times \pi \times 11 = 22\pi$ inches.",medium,markdown
Q123,Geometry,A square has a side length of 17 feet. What is its perimeter?,68 feet,correct,"The perimeter of a square is $P = 4s$. So, Perimeter = $4 \times 17 = 68$ feet.",medium,markdown
Q124,Word Problems,Emily has 80 apples to share equally among 10 people. How many apples does each person get?,8,correct,"To share equally, divide: 80 / 10 = 8 apples each.",medium,markdown
Q125,Arithmetic,Calculate: 19 - 6 * 10,130,correct,Calculating step-by-step: 19 - 6 = 13. Then 13 * 10 = 130.,medium,markdown
Q126,Geometry,A square has a side length of 21 mm. What is its perimeter?,84 mm,correct,"The perimeter of a square is $P = 4s$. So, Perimeter = $4 \times 21 = 84$ mm.",medium,markdown
Q127,Algebra,Solve for x: x^2 + 7x + 6 = 0,x = -6 or x = -1,correct,"The equation is $x^2 - (-7)x + (6) = 0$. Factor it as $(x - -6)(x - -1) = 0$. So, the solutions are $x = -6$ or $x = -1$.",medium,latex
Q128,Word Problems,There are 8 boxes. Each box contains 6 books. How many books are there in total?,48,correct,"To find the total, multiply: 8 * 6 = 48 books.",medium,markdown
Q129,Geometry,Calculate the circumference of a circle with radius 12 units. (Use 'pi' in your answer),24pi units,correct,"The circumference of a circle is $C = 2 \pi r$. So, Circumference = $2 \times \pi \times 12 = 24\pi$ units.",medium,markdown
Q130,Word Problems,There are 8 boxes. Each box contains 18 bananas. How many bananas are there in total?,144,correct,"To find the total, multiply: 8 * 18 = 144 bananas.",medium,markdown
Q131,Arithmetic,What is 25% of 223?,55,correct,25% of 223 is $(25/100) \times 223 = 55$.,medium,markdown
Q132,Arithmetic,Calculate: 8 + 6 * 4,56,correct,Calculating step-by-step: 8 + 6 = 14. Then 14 * 4 = 56.,medium,markdown
Q133,Arithmetic,What is 2 - 79?,-77,correct,2 - 79 = -77.,medium,markdown
Q134,Geometry,Find the area of a triangle with a base of 21 inches and a height of 13 inches.,136.5 inches^2,correct,"The area of a triangle is $A = \frac{1}{2}bh$. So, Area = $\frac{1}{2} \times 21 \times 13 = 136.5 inches^2$.",medium,markdown
Q135,Word Problems,Tom baked 18 bananas. They gave 5 bananas to sister and then baked 6 more. How many bananas does Tom have now?,19,correct,Step 1: 18 - 5 = 13. Step 2: 13 + 6 = 19 bananas.,medium,markdown
Q136,Word Problems,There are 10 boxes. Each box contains 8 pencils. How many pencils are there in total?,80,correct,"To find the total, multiply: 10 * 8 = 80 pencils.",medium,markdown
Q137,Word Problems,There are 10 boxes. Each box contains 16 marbles. How many marbles are there in total?,160,correct,"To find the total, multiply: 10 * 16 = 160 marbles.",medium,markdown
Q138,Algebra,Solve for x: 8x + 1 = -23,x = -3,correct,Given: 8x + 1 = -23. Subtract 1 from both sides: 8x = -24. Then divide by 8: x = -3.,medium,latex
Q139,Algebra,Solve for x: x^2 + 2x - 24 = 0,x = -6 or x = 4,correct,"The equation is $x^2 - (-2)x + (-24) = 0$. Factor it as $(x - -6)(x - 4) = 0$. So, the solutions are $x = -6$ or $x = 4$.",medium,latex
Q140,Geometry,Calculate the circumference of a circle with radius 10 m. (Use 'pi' in your answer),20pi m,correct,"The circumference of a circle is $C = 2 \pi r$. So, Circumference = $2 \times \pi \times 10 = 20\pi$ m.",medium,markdown
Q141,Word Problems,John baked 13 books. They gave 7 books to friend and then baked 6 more. How many books does John have now?,12,correct,Step 1: 13 - 7 = 6. Step 2: 6 + 6 = 12 books.,medium,markdown
Q142,Arithmetic,What is $7 \div 8$? Express as a simplified fraction.,7/8,correct,$7 / 8$ simplifies to the fraction $7/8$.,medium,latex
Q143,Arithmetic,What is 15% of 95?,14.25,correct,15% of 95 is $(15/100) \times 95 = 14.25$.,medium,markdown
Q144,Arithmetic,What is 5% of 88?,4.4,correct,5% of 88 is $(5/100) \times 88 = 4.4$.,medium,markdown
Q145,Geometry,A rectangle has a length of 16 inches and a width of 13 inches. Calculate its perimeter.,58 inches,correct,"The perimeter of a rectangle is $P = 2(l + w)$. So, Perimeter = $2 \times (16 + 13) = 58$ inches.",medium,markdown
Q146,Algebra,Solve for x: 3x + -5 = -50,x = -15,correct,Given: 3x + -5 = -50. Subtract -5 from both sides: 3x = -45. Then divide by 3: x = -15.,medium,latex
Q147,Geometry,What is the area of a circle with radius 11 feet? (Use 'pi' in your answer),121pi feet^2,correct,"The area of a circle is $A = \pi r^2$. So, Area = $\pi \times 11^2 = 121\pi$ feet$^2$.",medium,markdown
Q148,Word Problems,There are 4 boxes. Each box contains 9 apples. How many apples are there in total?,36,correct,"To find the total, multiply: 4 * 9 = 36 apples.",medium,markdown
Q149,Geometry,A rectangle has a length of 18 units and a width of 11 units. Calculate its perimeter.,58 units,correct,"The perimeter of a rectangle is $P = 2(l + w)$. So, Perimeter = $2 \times (18 + 11) = 58$ units.",medium,markdown
Q150,Word Problems,Tom has 27 books to share equally among 3 people. How many books does each person get?,9,correct,"To share equally, divide: 27 / 3 = 9 books each.",medium,markdown
Q151,Algebra,Solve for x: 8x + -24 = -40,x = -2,correct,Given: 8x + -24 = -40. Subtract -24 from both sides: 8x = -16. Then divide by 8: x = -2.,medium,latex
Q152,Geometry,Find the area of a triangle with a base of 25 cm and a height of 5 cm.,62.5 cm^2,correct,"The area of a triangle is $A = \frac{1}{2}bh$. So, Area = $\frac{1}{2} \times 25 \times 5 = 62.5 cm^2$.",medium,markdown
Q153,Arithmetic,What is 20 * 14?,280,correct,20 * 14 = 280.,medium,markdown
Q154,Algebra,Solve for x: x^2 - 4x - 21 = 0,x = -3 or x = 7,correct,"The equation is $x^2 - (4)x + (-21) = 0$. Factor it as $(x - 7)(x - -3) = 0$. So, the solutions are $x = 7$ or $x = -3$.",medium,latex
Q155,Algebra,Solve for x: x^2 + 5x - 14 = 0,x = -7 or x = 2,correct,"The equation is $x^2 - (-5)x + (-14) = 0$. Factor it as $(x - -7)(x - 2) = 0$. So, the solutions are $x = -7$ or $x = 2$.",medium,latex
Q156,Geometry,What is the area of a circle with radius 9 mm? (Use 'pi' in your answer),81pi mm^2,correct,"The area of a circle is $A = \pi r^2$. So, Area = $\pi \times 9^2 = 81\pi$ mm$^2$.",medium,markdown
Q157,Arithmetic,What is 16 * 12?,192,correct,16 * 12 = 192.,medium,markdown
Q158,Arithmetic,What is $34 \div 8$? Express as a simplified fraction.,17/4,correct,$34 / 8$ simplifies to the fraction $17/4$.,medium,latex
Q159,Geometry,A square has a side length of 16 units. What is its area?,256 units^2,correct,"The area of a square is given by the formula $A = s^2$. So, Area = $16^2 = 256$ units$^2$.",medium,markdown
Q160,Algebra,Solve for x: x^2 - 3x - 18 = 0,x = -3 or x = 6,correct,"The equation is $x^2 - (3)x + (-18) = 0$. Factor it as $(x - -3)(x - 6) = 0$. So, the solutions are $x = -3$ or $x = 6$.",medium,latex
Q161,Arithmetic,What is 13 * 18?,234,correct,13 * 18 = 234.,medium,markdown
Q162,Word Problems,Emily baked 12 books. They gave 14 books to teacher and then baked 8 more. How many books does Emily have now?,6,correct,Step 1: 12 - 14 = -2. Step 2: -2 + 8 = 6 books.,medium,markdown
Q163,Algebra,Solve for x: 3x + 23 = -1,x = -8,correct,Given: 3x + 23 = -1. Subtract 23 from both sides: 3x = -24. Then divide by 3: x = -8.,medium,latex
Q164,Algebra,Solve for x: x^2 + 9x + 18 = 0,x = -6 or x = -3,correct,"The equation is $x^2 - (-9)x + (18) = 0$. Factor it as $(x - -6)(x - -3) = 0$. So, the solutions are $x = -6$ or $x = -3$.",medium,latex
Q165,Algebra,Solve for x: x^2 + 8x + 7 = 0,x = -7 or x = -1,correct,"The equation is $x^2 - (-8)x + (7) = 0$. Factor it as $(x - -1)(x - -7) = 0$. So, the solutions are $x = -1$ or $x = -7$.",medium,latex
Q166,Algebra,Solve for x: 5x + -2 = 10,x = 12/5,correct,"Given: 5x + -2 = 10. Subtract -2 from both sides: 5x = 12. So, x = $12/5$. Simplified, x = $12/5$.",medium,latex
Q167,Algebra,Solve for x: x^2 + 3x - 18 = 0,x = -6 or x = 3,correct,"The equation is $x^2 - (-3)x + (-18) = 0$. Factor it as $(x - -6)(x - 3) = 0$. So, the solutions are $x = -6$ or $x = 3$.",medium,latex
Q168,Word Problems,Tom baked 15 marbles. They gave 15 marbles to friend and then baked 3 more. How many marbles does Tom have now?,3,correct,Step 1: 15 - 15 = 0. Step 2: 0 + 3 = 3 marbles.,medium,markdown
Q169,Algebra,Solve for x: 12x + 18 = 40,x = 11/6,correct,"Given: 12x + 18 = 40. Subtract 18 from both sides: 12x = 22. So, x = $22/12$. Simplified, x = $11/6$.",medium,latex
Q170,Arithmetic,What is 198 / 9?,22,correct,198 / 9 = 22.,medium,markdown
Q171,Word Problems,Emily baked 23 marbles. They gave 14 marbles to friend and then baked 8 more. How many marbles does Emily have now?,17,correct,Step 1: 23 - 14 = 9. Step 2: 9 + 8 = 17 marbles.,medium,markdown
Q172,Word Problems,Mike baked 16 marbles. They gave 13 marbles to sister and then baked 9 more. How many marbles does Mike have now?,12,correct,Step 1: 16 - 13 = 3. Step 2: 3 + 9 = 12 marbles.,medium,markdown
Q173,Algebra,Solve for x: 6x + 5 = 38,x = 11/2,correct,"Given: 6x + 5 = 38. Subtract 5 from both sides: 6x = 33. So, x = $33/6$. Simplified, x = $11/2$.",medium,latex
Q174,Algebra,Solve for x: x^2 - 8x + 15 = 0,x = 3 or x = 5,correct,"The equation is $x^2 - (8)x + (15) = 0$. Factor it as $(x - 5)(x - 3) = 0$. So, the solutions are $x = 5$ or $x = 3$.",medium,latex
Q175,Geometry,Find the area of a triangle with a base of 6 feet and a height of 16 feet.,48 feet^2,correct,"The area of a triangle is $A = \frac{1}{2}bh$. So, Area = $\frac{1}{2} \times 6 \times 16 = 48 feet^2$.",medium,markdown
Q176,Algebra,Solve for x: 14x + -20 = -24,x = -2/7,correct,"Given: 14x + -20 = -24. Subtract -20 from both sides: 14x = -4. So, x = $-4/14$. Simplified, x = $-2/7$.",medium,latex
Q177,Word Problems,John baked 13 books. They gave 13 books to sister and then baked 4 more. How many books does John have now?,4,correct,Step 1: 13 - 13 = 0. Step 2: 0 + 4 = 4 books.,medium,markdown
Q178,Algebra,Solve for x: 15x + -2 = 7,x = 3/5,correct,"Given: 15x + -2 = 7. Subtract -2 from both sides: 15x = 9. So, x = $9/15$. Simplified, x = $3/5$.",medium,latex
Q179,Algebra,Solve for x: 7x + -8 = -23,x = -15/7,correct,"Given: 7x + -8 = -23. Subtract -8 from both sides: 7x = -15. So, x = $-15/7$. Simplified, x = $-15/7$.",medium,latex
Q180,Geometry,What is the volume of a cube with an edge length of 7 feet?,343 feet^3,correct,"The volume of a cube is $V = s^3$. So, Volume = $7^3 = 343$ feet$^3$.",medium,markdown
Q181,Algebra,Solve for x: 2x + -23 = -7,x = 8,correct,Given: 2x + -23 = -7. Subtract -23 from both sides: 2x = 16. Then divide by 2: x = 8.,medium,latex
Q182,Algebra,Solve for x: 1x + 10 = -48,x = -58,correct,Given: 1x + 10 = -48. Subtract 10 from both sides: 1x = -58. Then divide by 1: x = -58.,hard,latex
Q183,Algebra,Solve for x: x^2 - 13x + 40 = 0,x = 5 or x = 8,correct,"The equation is $x^2 - (13)x + (40) = 0$. Factor it as $(x - 8)(x - 5) = 0$. So, the solutions are $x = 8$ or $x = 5$.",hard,latex
Q184,Arithmetic,What is 16 * 19?,304,correct,16 * 19 = 304.,hard,markdown
Q185,Algebra,Solve for x: x^2 - 9x + 8 = 0,x = 1 or x = 8,correct,"The equation is $x^2 - (9)x + (8) = 0$. Factor it as $(x - 8)(x - 1) = 0$. So, the solutions are $x = 8$ or $x = 1$.",medium,latex
Q186,Arithmetic,What is 20 * 7?,140,correct,20 * 7 = 140.,easy,markdown
Q187,Algebra,Solve for x: x^2 + 7x - 8 = 0,x = -8 or x = 1,correct,"The equation is $x^2 - (-7)x + (-8) = 0$. Factor it as $(x - 1)(x - -8) = 0$. So, the solutions are $x = 1$ or $x = -8$.",medium,latex
Q188,Geometry,A square has a side length of 4 inches. What is its area?,16 inches^2,correct,"The area of a square is given by the formula $A = s^2$. So, Area = $4^2 = 16$ inches$^2$.",easy,markdown
Q189,Geometry,What is the volume of a cube with an edge length of 8 inches?,512 inches^3,correct,"The volume of a cube is $V = s^3$. So, Volume = $8^3 = 512$ inches$^3$.",medium,markdown
Q190,Arithmetic,What is 87 - 7?,80,correct,87 - 7 = 80.,medium,markdown
Q191,Algebra,Solve for x: 14x + 7 = 35,x = 2,correct,Given: 14x + 7 = 35. Subtract 7 from both sides: 14x = 28. Then divide by 14: x = 2.,hard,latex
Q192,Algebra,Solve for x: 10x + -19 = -17,x = 1/5,correct,"Given: 10x + -19 = -17. Subtract -19 from both sides: 10x = 2. So, x = $2/10$. Simplified, x = $1/5$.",medium,latex
Q193,Arithmetic,What is 28 / 4?,7,correct,28 / 4 = 7.,easy,markdown
Q194,Word Problems,"Lisa bought 7 notebooks at $6 each, and 4 erasers at $9 each. How much did Lisa spend in total?",$78,correct,Cost of notebooks: 7 * $6 = $42. Cost of erasers: 4 * $9 = $36. Total = $42 + $36 = $78.,hard,markdown
Q195,Geometry,Find the area of a triangle with a base of 9 mm and a height of 20 mm.,90 mm^2,correct,"The area of a triangle is $A = \frac{1}{2}bh$. So, Area = $\frac{1}{2} \times 9 \times 20 = 90 mm^2$.",medium,markdown
Q196,Geometry,Find the area of a triangle with a base of 10 cm and a height of 5 cm.,25 cm^2,correct,"The area of a triangle is $A = \frac{1}{2}bh$. So, Area = $\frac{1}{2} \times 10 \times 5 = 25 cm^2$.",easy,markdown
Q197,Geometry,A square has a side length of 2 m. What is its area?,4 m^2,correct,"The area of a square is given by the formula $A = s^2$. So, Area = $2^2 = 4$ m$^2$.",easy,markdown
Q198,Arithmetic,What is $20 \div 16$? Express as a simplified fraction.,5/4,correct,$20 / 16$ simplifies to the fraction $5/4$.,easy,latex
Q199,Arithmetic,Calculate: 17 - 18 * 4,-4,correct,Calculating step-by-step: 17 - 18 = -1. Then -1 * 4 = -4.,easy,markdown
Q200,Arithmetic,What is 22 - 98?,-76,correct,22 - 98 = -76.,medium,markdown
Q201,Geometry,Find the area of a triangle with a base of 19 mm and a height of 25 mm.,237.5 mm^2,correct,"The area of a triangle is $A = \frac{1}{2}bh$. So, Area = $\frac{1}{2} \times 19 \times 25 = 237.5 mm^2$.",hard,markdown
Q202,Word Problems,"Mike bought 3 notebooks at $7 each, and 2 folders at $9 each. How much did Mike spend in total?",$39,correct,Cost of notebooks: 3 * $7 = $21. Cost of folders: 2 * $9 = $18. Total = $21 + $18 = $39.,hard,markdown
Q203,Algebra,Solve for x: 5x + -24 = 32,x = 56/5,correct,"Given: 5x + -24 = 32. Subtract -24 from both sides: 5x = 56. So, x = $56/5$. Simplified, x = $56/5$.",hard,latex
Q204,Algebra,Solve for x: 2x + -17 = -23,x = -3,correct,Given: 2x + -17 = -23. Subtract -17 from both sides: 2x = -6. Then divide by 2: x = -3.,easy,latex
Q205,Geometry,Find the area of a triangle with a base of 9 mm and a height of 20 mm.,90 mm^2,correct,"The area of a triangle is $A = \frac{1}{2}bh$. So, Area = $\frac{1}{2} \times 9 \times 20 = 90 mm^2$.",medium,markdown
Q206,Algebra,Solve for x: 5x + 13 = 18,x = 1,correct,Given: 5x + 13 = 18. Subtract 13 from both sides: 5x = 5. Then divide by 5: x = 1.,easy,latex
Q207,Geometry,A square has a side length of 2 m. What is its area?,4 m^2,correct,"The area of a square is given by the formula $A = s^2$. So, Area = $2^2 = 4$ m$^2$.",easy,markdown
Q208,Algebra,Solve for x: 11x + 18 = 22,x = 4/11,correct,"Given: 11x + 18 = 22. Subtract 18 from both sides: 11x = 4. So, x = $4/11$. Simplified, x = $4/11$.",hard,latex
Q209,Arithmetic,What is 65 + 55?,120,correct,65 + 55 = 120.,easy,markdown
Q210,Word Problems,"John bought 6 notebooks at $2 each, and 4 erasers at $5 each. How much did John spend in total?",$32,correct,Cost of notebooks: 6 * $2 = $12. Cost of erasers: 4 * $5 = $20. Total = $12 + $20 = $32.,hard,markdown
Q211,Algebra,Solve for x: x^2 + 7x - 8 = 0,x = -8 or x = 1,correct,"The equation is $x^2 - (-7)x + (-8) = 0$. Factor it as $(x - 1)(x - -8) = 0$. So, the solutions are $x = 1$ or $x = -8$.",medium,latex
Q212,Algebra,Solve for x: x^2 + 7x - 8 = 0,x = -8 or x = 1,correct,"The equation is $x^2 - (-7)x + (-8) = 0$. Factor it as $(x - -8)(x - 1) = 0$. So, the solutions are $x = -8$ or $x = 1$.",medium,latex
Q213,Word Problems,Mike has 54 cookies to share equally among 2 people. How many cookies does each person get?,27,correct,"To share equally, divide: 54 / 2 = 27 cookies each.",medium,markdown
Q214,Algebra,Solve for x: x^2 - 2x - 35 = 0,x = -5 or x = 7,correct,"The equation is $x^2 - (2)x + (-35) = 0$. Factor it as $(x - 7)(x - -5) = 0$. So, the solutions are $x = 7$ or $x = -5$.",hard,latex
Q215,Arithmetic,What is 80 + 34?,114,correct,80 + 34 = 114.,easy,markdown
Q216,Word Problems,John has 25 marbles. They give 18 marbles to their friend. How many marbles does John have left?,7,correct,John starts with 25 marbles and gives away 18. Remaining = 25 - 18 = 7 marbles.,easy,markdown
Q217,Algebra,Solve for x: 6x + -20 = -5,x = 5/2,correct,"Given: 6x + -20 = -5. Subtract -20 from both sides: 6x = 15. So, x = $15/6$. Simplified, x = $5/2$.",easy,latex
Q218,Arithmetic,What is 83 - 97?,-14,correct,83 - 97 = -14.,easy,markdown
Q219,Algebra,Solve for x: x^2 + 5x + 6 = 0,x = -3 or x = -2,correct,"The equation is $x^2 - (-5)x + (6) = 0$. Factor it as $(x - -2)(x - -3) = 0$. So, the solutions are $x = -2$ or $x = -3$.",easy,latex
Q220,Algebra,Solve for x: x^2 - 4 = 0,x = -2 or x = 2,correct,"The equation is $x^2 - (0)x + (-4) = 0$. Factor it as $(x - -2)(x - 2) = 0$. So, the solutions are $x = -2$ or $x = 2$.",easy,latex
Q221,Algebra,Solve for x: x^2 - 2x - 3 = 0,x = -1 or x = 3,correct,"The equation is $x^2 - (2)x + (-3) = 0$. Factor it as $(x - 3)(x - -1) = 0$. So, the solutions are $x = 3$ or $x = -1$.",easy,latex
Q222,Arithmetic,Calculate: 11 + 19 + 2,32,correct,Calculating step-by-step: 11 + 19 = 30. Then 30 + 2 = 32.,easy,markdown
Q223,Geometry,Find the area of a triangle with a base of 30 units and a height of 9 units.,135 units^2,correct,"The area of a triangle is $A = \frac{1}{2}bh$. So, Area = $\frac{1}{2} \times 30 \times 9 = 135 units^2$.",hard,markdown
Q224,Algebra,Solve for x: x^2 - 16 = 0,x = -4 or x = 4,correct,"The equation is $x^2 - (0)x + (-16) = 0$. Factor it as $(x - -4)(x - 4) = 0$. So, the solutions are $x = -4$ or $x = 4$.",medium,latex
Q225,Arithmetic,What is 11 * 13?,143,correct,11 * 13 = 143.,easy,markdown
Q226,Algebra,Solve for x: x^2 - 15x + 56 = 0,x = 7 or x = 8,correct,"The equation is $x^2 - (15)x + (56) = 0$. Factor it as $(x - 7)(x - 8) = 0$. So, the solutions are $x = 7$ or $x = 8$.",hard,latex
Q227,Word Problems,"Tom bought 4 pens at $7 each, and 3 erasers at $9 each. How much did Tom spend in total?",$55,correct,Cost of pens: 4 * $7 = $28. Cost of erasers: 3 * $9 = $27. Total = $28 + $27 = $55.,hard,markdown
Q228,Algebra,Solve for x: 4x + -14 = -38,x = -6,correct,Given: 4x + -14 = -38. Subtract -14 from both sides: 4x = -24. Then divide by 4: x = -6.,easy,latex
Q229,Algebra,Solve for x: x^2 + 1x - 12 = 0,x = -4 or x = 3,correct,"The equation is $x^2 - (-1)x + (-12) = 0$. Factor it as $(x - 3)(x - -4) = 0$. So, the solutions are $x = 3$ or $x = -4$.",medium,latex
Q230,Algebra,Solve for x: x^2 - 4x - 32 = 0,x = -4 or x = 8,correct,"The equation is $x^2 - (4)x + (-32) = 0$. Factor it as $(x - 8)(x - -4) = 0$. So, the solutions are $x = 8$ or $x = -4$.",hard,latex
Q231,Algebra,Solve for x: 2x + -22 = 1,x = 23/2,correct,"Given: 2x + -22 = 1. Subtract -22 from both sides: 2x = 23. So, x = $23/2$. Simplified, x = $23/2$.",hard,latex
Q232,Algebra,Solve for x: 14x + 25 = -9,x = -17/7,correct,"Given: 14x + 25 = -9. Subtract 25 from both sides: 14x = -34. So, x = $-34/14$. Simplified, x = $-17/7$.",hard,latex
Q233,Geometry,What is the area of a circle with radius 7 feet? (Use 'pi' in your answer),49pi feet^2,correct,"The area of a circle is $A = \pi r^2$. So, Area = $\pi \times 7^2 = 49\pi$ feet$^2$.",easy,markdown
Q234,Word Problems,"Mike bought 6 pens at $5 each, and 2 folders at $7 each. How much did Mike spend in total?",$44,correct,Cost of pens: 6 * $5 = $30. Cost of folders: 2 * $7 = $14. Total = $30 + $14 = $44.,hard,markdown
Q235,Arithmetic,What is 76 + 20?,96,correct,76 + 20 = 96.,easy,markdown
Q236,Geometry,A rectangle has a length of 23 feet and a width of 12 feet. Calculate its area.,276 feet^2,correct,"The area of a rectangle is $A = l \times w$. So, Area = $23 \times 12 = 276$ feet$^2$.",hard,markdown
Q237,Arithmetic,Calculate: $(12 \times 7) + (60 \div 5)$,96,correct,"First, $(12 \times 7) = 84$. Next, $(60 \div 5) = 12$. Finally, $84 + 12 = 96$.",hard,latex
Q238,Word Problems,John has 36 apples. They get 5 more apples. How many apples does John have in total?,41,correct,John starts with 36 apples and adds 5 more. Total = 36 + 5 = 41 apples.,easy,markdown
Q239,Word Problems,"Mike bought 4 notebooks at $7 each, and 2 erasers at $8 each. How much did Mike spend in total?",$44,correct,Cost of notebooks: 4 * $7 = $28. Cost of erasers: 2 * $8 = $16. Total = $28 + $16 = $44.,hard,markdown
Q240,Algebra,Solve for x: x^2 + 2x - 15 = 0,x = -5 or x = 3,correct,"The equation is $x^2 - (-2)x + (-15) = 0$. Factor it as $(x - -5)(x - 3) = 0$. So, the solutions are $x = -5$ or $x = 3$.",medium,latex
Q241,Algebra,Solve for x: x^2 + 8x + 15 = 0,x = -5 or x = -3,correct,"The equation is $x^2 - (-8)x + (15) = 0$. Factor it as $(x - -3)(x - -5) = 0$. So, the solutions are $x = -3$ or $x = -5$.",medium,latex
Q242,Algebra,Solve for x: 1x + 17 = -8,x = -25,correct,Given: 1x + 17 = -8. Subtract 17 from both sides: 1x = -25. Then divide by 1: x = -25.,hard,latex
Q243,Arithmetic,What is 15 * 19?,285,correct,15 * 19 = 285.,medium,markdown
Q244,Algebra,Solve for x: x^2 - 13x + 40 = 0,x = 5 or x = 8,correct,"The equation is $x^2 - (13)x + (40) = 0$. Factor it as $(x - 8)(x - 5) = 0$. So, the solutions are $x = 8$ or $x = 5$.",hard,latex
Q245,Algebra,Solve for x: x^2 - 16 = 0,x = -4 or x = 4,correct,"The equation is $x^2 - (0)x + (-16) = 0$. Factor it as $(x - -4)(x - 4) = 0$. So, the solutions are $x = -4$ or $x = 4$.",medium,latex
Q246,Arithmetic,What is 71 - 57?,14,correct,71 - 57 = 14.,easy,markdown
Q247,Geometry,What is the area of a circle with radius 13 units? (Use 'pi' in your answer),169pi units^2,correct,"The area of a circle is $A = \pi r^2$. So, Area = $\pi \times 13^2 = 169\pi$ units$^2$.",hard,markdown
Q248,Geometry,A square has a side length of 23 mm. What is its perimeter?,92 mm,correct,"The perimeter of a square is $P = 4s$. So, Perimeter = $4 \times 23 = 92$ mm.",hard,markdown
Q249,Algebra,Solve for x: x^2 - 2x - 3 = 0,x = -1 or x = 3,correct,"The equation is $x^2 - (2)x + (-3) = 0$. Factor it as $(x - 3)(x - -1) = 0$. So, the solutions are $x = 3$ or $x = -1$.",easy,latex
Q250,Word Problems,Mike has 35 apples. They get 20 more apples. How many apples does Mike have in total?,55,correct,Mike starts with 35 apples and adds 20 more. Total = 35 + 20 = 55 apples.,easy,markdown
